{
  "model_name": "Logistic Regression",
  "mean_auc": 0.5543496662161221,
  "std_auc": 0.0012660620836077755,
  "mean_f1": 0.16888883800976248,
  "std_f1": 0.00059872049643214
}